{
  "best_epoch": 1,
  "peak_cpu_memory_MB": 1231.124,
  "training_duration": "00:33:22",
  "training_start_epoch": 0,
  "training_epochs": 5,
  "epoch": 5,
  "training_accuracy": 0.6472378277153558,
  "training_precision": 0.6716101694915254,
  "training_recall": 0.5805860805860806,
  "training_f1_measure": 0.6227897838899307,
  "training_loss": 0.861348829465859,
  "training_cpu_memory_MB": 1231.124,
  "validation_accuracy": 0.4305177111716621,
  "validation_precision": 0.34394904458598724,
  "validation_recall": 0.38848920863309355,
  "validation_f1_measure": 0.36486486486481506,
  "validation_loss": 1.3231843216078623,
  "best_validation_accuracy": 0.44595821980018163,
  "best_validation_precision": 0.42105263157894735,
  "best_validation_recall": 0.2302158273381295,
  "best_validation_f1_measure": 0.2976744186046054,
  "best_validation_loss": 1.2217665127345494
}