{
  "best_epoch": 2,
  "peak_cpu_memory_MB": 389.732,
  "training_duration": "00:01:32",
  "training_start_epoch": 0,
  "training_epochs": 6,
  "epoch": 6,
  "training_accuracy": 0.6013576779026217,
  "training_precision": 0.5271542360608255,
  "training_recall": 0.6666666666666666,
  "training_f1_measure": 0.5887585928022152,
  "training_loss": 1.0055610894710383,
  "training_cpu_memory_MB": 389.732,
  "validation_accuracy": 0.2579473206176203,
  "validation_precision": 0.23376623376623376,
  "validation_recall": 0.12949640287769784,
  "validation_f1_measure": 0.16666666666662078,
  "validation_loss": 2.02758732182639,
  "best_validation_accuracy": 0.3079019073569482,
  "best_validation_precision": 0.0,
  "best_validation_recall": 0.0,
  "best_validation_f1_measure": 0.0,
  "best_validation_loss": 1.5613637958254134
}